{
  "model": "allenai/OLMoE-1B-7B-0924",
  "tp": 2,
  "concurrency": 8,
  "n_per_phase": 200,
  "default": {
    "n": 200,
    "errors": 0,
    "mean_ms": 63.45746251754463,
    "p50_ms": 62.42152024060488,
    "p90_ms": 72.97714054584503,
    "p95_ms": 81.26350678503513,
    "p99_ms": 87.52259705215693,
    "throughput_rps": 119.49202873512547,
    "elapsed_s": 1.6737518152222037
  },
  "eplb": {
    "n": 200,
    "errors": 0,
    "mean_ms": 67.48470565769821,
    "p50_ms": 61.93425040692091,
    "p90_ms": 90.24455770850182,
    "p95_ms": 95.72963695973158,
    "p99_ms": 140.17139468342066,
    "throughput_rps": 110.87437378754625,
    "elapsed_s": 1.8038433333858848
  },
  "p50_delta_pct": -0.7806119296771005,
  "throughput_delta_pct": -7.2119078057346675,
  "plan_estimated_pct": 54.0,
  "plan_confidence": 0.6,
  "n_expert_moves": 510
}